<?xml version="1.0" encoding="UTF-8"?>

<mule xmlns:vm="http://www.mulesoft.org/schema/mule/vm" xmlns:http="http://www.mulesoft.org/schema/mule/http" xmlns="http://www.mulesoft.org/schema/mule/core" xmlns:doc="http://www.mulesoft.org/schema/mule/documentation"
	xmlns:spring="http://www.springframework.org/schema/beans" 
	xmlns:xsi="http://www.w3.org/2001/XMLSchema-instance"
	xsi:schemaLocation="http://www.springframework.org/schema/beans http://www.springframework.org/schema/beans/spring-beans-current.xsd
http://www.mulesoft.org/schema/mule/core http://www.mulesoft.org/schema/mule/core/current/mule.xsd
http://www.mulesoft.org/schema/mule/http http://www.mulesoft.org/schema/mule/http/current/mule-http.xsd
http://www.mulesoft.org/schema/mule/vm http://www.mulesoft.org/schema/mule/vm/current/mule-vm.xsd">
    <http:listener-config name="HTTP_Listener_Configuration1" host="localhost" port="8081" doc:name="HTTP Listener Configuration"/>
    <http:listener-config name="HTTP_Listener_Configuration2" host="localhost" port="8085" doc:name="HTTP Listener Configuration"/>
    <flow name="variables-demoFlow">
        <http:listener config-ref="HTTP_Listener_Configuration2" path="/testVariable" doc:name="HTTP"/>
        <set-variable variableName="myFlowVar" value="This is Flow Varible." doc:name="Flow Variable"/>
        <set-session-variable variableName="mySessionVar" value="THis is my session varible." doc:name="Session Variable"/>
        <set-payload value="Varible configuration Done!" doc:name="Set Payload"/>
        <logger message="Flow1 ----&gt; #[flowVars.myFlowVar]" level="INFO" doc:name="Flow Variable Logger"/>
        <logger message="Flow1 ----&gt;#[sessionVars.mySessionVar]" level="INFO" doc:name="Session Varible Logger"/>
        <vm:outbound-endpoint exchange-pattern="one-way" path="vmq1" doc:name="VM"/>
    </flow>
    <flow name="variables-demoFlow1">
        <vm:inbound-endpoint exchange-pattern="one-way" path="vmq1" doc:name="VM"/>
        <logger message="Flow2 ----&gt;#[flowVars.myFlowVar]" level="INFO" doc:name="Flow Varible Logger"/>
        <logger message="Flow2 ----&gt;#[sessionVars.mySessionVar]" level="INFO" doc:name="session varible Logger"/>
    </flow>
</mule>
