<?xml version="1.0" encoding="UTF-8"?>

<mule xmlns:db="http://www.mulesoft.org/schema/mule/db" xmlns:http="http://www.mulesoft.org/schema/mule/http" xmlns="http://www.mulesoft.org/schema/mule/core" xmlns:doc="http://www.mulesoft.org/schema/mule/documentation"
	xmlns:spring="http://www.springframework.org/schema/beans" 
	xmlns:xsi="http://www.w3.org/2001/XMLSchema-instance"
	xsi:schemaLocation="http://www.springframework.org/schema/beans http://www.springframework.org/schema/beans/spring-beans-current.xsd
http://www.mulesoft.org/schema/mule/core http://www.mulesoft.org/schema/mule/core/current/mule.xsd
http://www.mulesoft.org/schema/mule/db http://www.mulesoft.org/schema/mule/db/current/mule-db.xsd
http://www.mulesoft.org/schema/mule/http http://www.mulesoft.org/schema/mule/http/current/mule-http.xsd">
    <http:listener-config name="HTTP_Listener_Configuration2" host="localhost" port="8081" doc:name="HTTP Listener Configuration"/>
    <db:mysql-config name="MySQL_Configuration1" host="localhost" port="3306" user="root" password="admin" database="capdemo" doc:name="MySQL Configuration"/>
    <flow name="select-customer-dbFlow">
        <http:listener config-ref="HTTP_Listener_Configuration2" path="/selectCustomer" doc:name="HTTP"/>
        <set-session-variable variableName="customerId" value="#[message.inboundProperties.'http.query.params'.customerId]" doc:name="Session Variable"/>
        <logger message="CustomerName received." level="INFO" doc:name="Logger"/>
        <db:select config-ref="MySQL_Configuration1" doc:name="Database">
            <db:parameterized-query><![CDATA[select customerName from customer where custId=#[sessionVars.customerId];]]></db:parameterized-query>
        </db:select>
        <set-payload value="#[sessionVars.customerId] received." doc:name="Set Payload"/>
    </flow>
</mule>
