<?xml version="1.0" encoding="UTF-8"?>

<mule xmlns:db="http://www.mulesoft.org/schema/mule/db" xmlns:http="http://www.mulesoft.org/schema/mule/http" xmlns="http://www.mulesoft.org/schema/mule/core" xmlns:doc="http://www.mulesoft.org/schema/mule/documentation"
	xmlns:spring="http://www.springframework.org/schema/beans" 
	xmlns:xsi="http://www.w3.org/2001/XMLSchema-instance"
	xsi:schemaLocation="http://www.springframework.org/schema/beans http://www.springframework.org/schema/beans/spring-beans-current.xsd
http://www.mulesoft.org/schema/mule/core http://www.mulesoft.org/schema/mule/core/current/mule.xsd
http://www.mulesoft.org/schema/mule/http http://www.mulesoft.org/schema/mule/http/current/mule-http.xsd
http://www.mulesoft.org/schema/mule/db http://www.mulesoft.org/schema/mule/db/current/mule-db.xsd">
    <http:listener-config name="HTTP_Listener_Configuration3" host="localhost" port="8084" doc:name="HTTP Listener Configuration"/>
    <flow name="store-procedureFlow">
        <http:listener config-ref="HTTP_Listener_Configuration3" path="/execProcedure" doc:name="HTTP" allowedMethods="POST"/>
        <db:stored-procedure config-ref="MySQL_Configuration" doc:name="Database">
            <db:parameterized-query><![CDATA[{call insertCustomer(:cid,:cname,:cemail)}]]></db:parameterized-query>
            <db:in-param name="cid" value="#[json:cid]"/>
            <db:in-param name="cname" value="#[json:customerName]"/>
            <db:in-param name="cemail" value="#[json:customerEmail]"/>
        </db:stored-procedure>
        <set-payload value="Insert Completed." doc:name="Set Payload"/>
    </flow>
</mule>
