<?xml version="1.0" encoding="UTF-8"?>

<mule xmlns:dw="http://www.mulesoft.org/schema/mule/ee/dw" xmlns:metadata="http://www.mulesoft.org/schema/mule/metadata" xmlns:http="http://www.mulesoft.org/schema/mule/http" xmlns="http://www.mulesoft.org/schema/mule/core" xmlns:doc="http://www.mulesoft.org/schema/mule/documentation"
	xmlns:spring="http://www.springframework.org/schema/beans" 
	xmlns:xsi="http://www.w3.org/2001/XMLSchema-instance"
	xsi:schemaLocation="http://www.springframework.org/schema/beans http://www.springframework.org/schema/beans/spring-beans-current.xsd
http://www.mulesoft.org/schema/mule/core http://www.mulesoft.org/schema/mule/core/current/mule.xsd
http://www.mulesoft.org/schema/mule/http http://www.mulesoft.org/schema/mule/http/current/mule-http.xsd
http://www.mulesoft.org/schema/mule/ee/dw http://www.mulesoft.org/schema/mule/ee/dw/current/dw.xsd">
    <http:listener-config name="HTTP_Listener_Configuration" host="localhost" port="8083" doc:name="HTTP Listener Configuration"/>
    <flow name="datawave-demoFlow">
        <http:listener config-ref="HTTP_Listener_Configuration" path="/testDatawave" allowedMethods="POST" doc:name="HTTP"/>
        <dw:transform-message metadata:id="f3b9bba6-a2e9-4a0d-94ee-44ae66f966fd" doc:name="Transform Message">
            <dw:input-payload doc:sample="D:\vidavid\Training\2017\MuleSoft_5-jun-8-jun\employee.xml" mimeType="application/xml"/>
            <dw:set-payload><![CDATA[%dw 1.0
%output application/json
---
{
	empName: payload.employees.employee.name.firstName++ payload.employees.employee.name.lastName,
	age: payload.employees.employee.age,
	address: payload.employees.employee.address1 ++ payload.employees.employee.address2,
	salary: payload.employees.employee.salary,
	department: payload.employees.employee.department
}]]></dw:set-payload>
        </dw:transform-message>
        <set-payload value="#[payload]" doc:name="Set Payload"/>
    </flow>
</mule>
