<?xml version="1.0" encoding="UTF-8"?>

<mule xmlns:file="http://www.mulesoft.org/schema/mule/file" xmlns:db="http://www.mulesoft.org/schema/mule/db" xmlns:batch="http://www.mulesoft.org/schema/mule/batch" xmlns:ftp="http://www.mulesoft.org/schema/mule/ee/ftp" xmlns="http://www.mulesoft.org/schema/mule/core" xmlns:doc="http://www.mulesoft.org/schema/mule/documentation"
	xmlns:spring="http://www.springframework.org/schema/beans" 
	xmlns:xsi="http://www.w3.org/2001/XMLSchema-instance"
	xsi:schemaLocation="http://www.springframework.org/schema/beans http://www.springframework.org/schema/beans/spring-beans-current.xsd
http://www.mulesoft.org/schema/mule/core http://www.mulesoft.org/schema/mule/core/current/mule.xsd
http://www.mulesoft.org/schema/mule/ee/ftp http://www.mulesoft.org/schema/mule/ee/ftp/current/mule-ftp-ee.xsd
http://www.mulesoft.org/schema/mule/db http://www.mulesoft.org/schema/mule/db/current/mule-db.xsd
http://www.mulesoft.org/schema/mule/batch http://www.mulesoft.org/schema/mule/batch/current/mule-batch.xsd
http://www.mulesoft.org/schema/mule/file http://www.mulesoft.org/schema/mule/file/current/mule-file.xsd">
    <batch:job name="batch-demoBatch">
        <batch:input>
            <db:select config-ref="MySQL_Configuration" doc:name="Database">
                <db:parameterized-query><![CDATA[select * from customer]]></db:parameterized-query>
            </db:select>
        </batch:input>
        <batch:process-records>
            <batch:step name="Batch_Step">
                <ftp:outbound-endpoint host="localhost" port="21" path="/result/batch" user="muleuser" password="muleuser" responseTimeout="10000" doc:name="FTP"/>
                <logger message="Batch Step1 Completed..." level="INFO" doc:name="Logger"/>
            </batch:step>
            <batch:step name="Batch_Step1">
                <ftp:outbound-endpoint host="localhost" port="21" path="/result/batch2" user="muleuser" password="muleuser" responseTimeout="10000" doc:name="FTP"/>
                <logger message="Batch step2 completed..." level="INFO" doc:name="Logger"/>
            </batch:step>
        </batch:process-records>
        <batch:on-complete>
            <logger message="Batch Completed." level="INFO" doc:name="Logger"/>
        </batch:on-complete>
    </batch:job>
    <flow name="batch-demoFlow">
        <file:inbound-endpoint path="D:\vidavid\Training\2017\MuleSoft_5-jun-8-jun\daywise-demo\source" responseTimeout="10000" doc:name="File"/>
        <batch:execute name="batch-demoBatch" doc:name="batch-demoBatch"/>
        <logger message="Batch started" level="INFO" doc:name="Logger"/>
    </flow>
</mule>
