<?xml version="1.0" encoding="UTF-8"?>

<mule xmlns:json="http://www.mulesoft.org/schema/mule/json" xmlns:http="http://www.mulesoft.org/schema/mule/http" xmlns:validation="http://www.mulesoft.org/schema/mule/validation" xmlns="http://www.mulesoft.org/schema/mule/core" xmlns:doc="http://www.mulesoft.org/schema/mule/documentation"
	xmlns:spring="http://www.springframework.org/schema/beans" 
	xmlns:xsi="http://www.w3.org/2001/XMLSchema-instance"
	xsi:schemaLocation="http://www.springframework.org/schema/beans http://www.springframework.org/schema/beans/spring-beans-current.xsd
http://www.mulesoft.org/schema/mule/core http://www.mulesoft.org/schema/mule/core/current/mule.xsd
http://www.mulesoft.org/schema/mule/http http://www.mulesoft.org/schema/mule/http/current/mule-http.xsd
http://www.mulesoft.org/schema/mule/json http://www.mulesoft.org/schema/mule/json/current/mule-json.xsd
http://www.mulesoft.org/schema/mule/validation http://www.mulesoft.org/schema/mule/validation/current/mule-validation.xsd">
    <http:listener-config name="HTTP_Listener_Configuration" host="localhost" port="8085" doc:name="HTTP Listener Configuration"/>
    <validation:config name="Validation_Configuration" doc:name="Validation Configuration"/>
    <flow name="day4-demoFlow">
        <http:listener config-ref="HTTP_Listener_Configuration" path="/validate" allowedMethods="POST" doc:name="HTTP"/>
        <json:json-to-object-transformer returnClass="java.util.HashMap" doc:name="JSON to Object"/>
       <validation:all doc:name="Validation">
       <validation:validations >
                <validation:is-email email="#[payload.email]" message="Please enter valid Email"/>
                <validation:is-not-empty value="#[payload.lastName]" message="Lastname should not be empty"/>
                <validation:is-not-empty value="#[payload.firstName]" message="Firstname cannot be Empty"/>
                <validation:is-number value="#[payload.age]" minValue="18" numberType="INTEGER" message="Age should be greater than 18."/>
                <validation:matches-regex value="#[payload.ssn]" regex="(000|999)-[0-9]{4}" message="INvalid SSN"/>
        </validation:validations>
        </validation:all>
        <set-payload value="Validation Successful." doc:name="Set Payload"/>
    </flow>
</mule>
