<?xml version="1.0" encoding="UTF-8"?>

<mule xmlns:db="http://www.mulesoft.org/schema/mule/db" xmlns:ftp="http://www.mulesoft.org/schema/mule/ee/ftp" xmlns="http://www.mulesoft.org/schema/mule/core" xmlns:doc="http://www.mulesoft.org/schema/mule/documentation"
	xmlns:spring="http://www.springframework.org/schema/beans" 
	xmlns:xsi="http://www.w3.org/2001/XMLSchema-instance"
	xsi:schemaLocation="http://www.springframework.org/schema/beans http://www.springframework.org/schema/beans/spring-beans-current.xsd
http://www.mulesoft.org/schema/mule/core http://www.mulesoft.org/schema/mule/core/current/mule.xsd
http://www.mulesoft.org/schema/mule/db http://www.mulesoft.org/schema/mule/db/current/mule-db.xsd
http://www.mulesoft.org/schema/mule/ee/ftp http://www.mulesoft.org/schema/mule/ee/ftp/current/mule-ftp-ee.xsd">
    <db:mysql-config name="MySQL_Configuration" host="localhost" port="3306" user="root" password="admin" database="capdemo" doc:name="MySQL Configuration"/>
    <flow name="poll-demoFlow">
        <poll doc:name="Poll">
            <db:select config-ref="MySQL_Configuration" doc:name="Database">
                <db:parameterized-query><![CDATA[select * from customer]]></db:parameterized-query>
            </db:select>
        </poll>
        <logger message="Record Processed." level="INFO" doc:name="Logger"/>
        <echo-component doc:name="Echo"/>
        <ftp:outbound-endpoint host="localhost" port="21" path="/result" user="muleuser" password="muleuser" responseTimeout="10000" doc:name="FTP"/>
    </flow>
</mule>
