<?xml version="1.0" encoding="UTF-8"?>

<mule xmlns:file="http://www.mulesoft.org/schema/mule/file" xmlns:http="http://www.mulesoft.org/schema/mule/http" xmlns:ftp="http://www.mulesoft.org/schema/mule/ee/ftp" xmlns="http://www.mulesoft.org/schema/mule/core" xmlns:doc="http://www.mulesoft.org/schema/mule/documentation"
	xmlns:spring="http://www.springframework.org/schema/beans" 
	xmlns:xsi="http://www.w3.org/2001/XMLSchema-instance"
	xsi:schemaLocation="http://www.springframework.org/schema/beans http://www.springframework.org/schema/beans/spring-beans-current.xsd
http://www.mulesoft.org/schema/mule/core http://www.mulesoft.org/schema/mule/core/current/mule.xsd
http://www.mulesoft.org/schema/mule/ee/ftp http://www.mulesoft.org/schema/mule/ee/ftp/current/mule-ftp-ee.xsd
http://www.mulesoft.org/schema/mule/http http://www.mulesoft.org/schema/mule/http/current/mule-http.xsd
http://www.mulesoft.org/schema/mule/file http://www.mulesoft.org/schema/mule/file/current/mule-file.xsd">
    <http:listener-config name="HTTP_Listener_Configuration4" host="localhost" port="8089" doc:name="HTTP Listener Configuration"/>
    <flow name="composite-source-demoFlow">
        <composite-source doc:name="Composite Source">
            <http:listener config-ref="HTTP_Listener_Configuration4" path="/compositeDemo" doc:name="HTTP" allowedMethods="POST"/>
            <ftp:inbound-endpoint host="localhost" port="21" path="/input" user="muleuser" password="muleuser" responseTimeout="10000" doc:name="FTP"/>
            <file:inbound-endpoint path="D:\vidavid\Training\2017\MuleSoft_5-jun-8-jun\daywise-demo\source" responseTimeout="10000" doc:name="File"/>
        </composite-source>
        <logger message="Flow Started." level="INFO" doc:name="Logger"/>
        <ftp:outbound-endpoint host="localhost" port="21" path="/output" user="muleuser" password="muleuser" responseTimeout="10000" doc:name="FTP"/>
    </flow>
</mule>
